GW1,GW2,GW3,GW4,GW5,GW6,GW7,GW8,GW9,GW10,GW11,GW12,GW13,GW14,GW15,GW16,GW17,GW18,GW19,GW20,GW21,GW22,GW23,GW24,GW25,GW26,GW27,GW28,GW29,GW30,GW31,GW32,GW33,GW34,GW35,GW36,GW37,GW38
246.7104360617745,320.6162702046425,221.20319668606118,97.3758739996394,,,,,,,,,,,,,,,,,,,,,,,,,,,,,,,,,,
311.7225928472983,88.49730170846846,148.05427233482592,107.8067099524543,,,,,,,,,,,,,,,,,,,,,,,,,,,,,,,,,,
133.04462509051126,59.86279152000164,65.5314788456374,37.480079500932604,,,,,,,,,,,,,,,,,,,,,,,,,,,,,,,,,,
184.88119912732583,93.09358927885604,118.9188327952915,95.35418806026652,,,,,,,,,,,,,,,,,,,,,,,,,,,,,,,,,,
219.91221030718035,140.26626715811375,243.11884503440797,138.51349517588812,,,,,,,,,,,,,,,,,,,,,,,,,,,,,,,,,,
31.762303634215495,81.87852949464896,110.74404567102853,174.51035748940203,,,,,,,,,,,,,,,,,,,,,,,,,,,,,,,,,,
104.5222328934945,93.33486614193453,106.52274223452696,11.937717645425096,,,,,,,,,,,,,,,,,,,,,,,,,,,,,,,,,,
57.96282538128635,150.55080226962227,91.33973609174339,171.76722380630744,,,,,,,,,,,,,,,,,,,,,,,,,,,,,,,,,,
101.91229918159773,167.1618246050154,243.22711051826965,137.4976238481242,,,,,,,,,,,,,,,,,,,,,,,,,,,,,,,,,,
125.07808680395445,142.60442051983304,161.66283233393835,237.38380604691883,,,,,,,,,,,,,,,,,,,,,,,,,,,,,,,,,,
238.6323677664897,65.14250733122982,50.508549548210084,101.43445823218542,,,,,,,,,,,,,,,,,,,,,,,,,,,,,,,,,,
163.66606660572023,4.218410314402645,15.178251420639176,137.3324104996723,,,,,,,,,,,,,,,,,,,,,,,,,,,,,,,,,,
88.34965706258579,58.65422619941259,142.07109715179348,87.17692277161301,,,,,,,,,,,,,,,,,,,,,,,,,,,,,,,,,,
256.72739670070735,175.1882607179109,397.7391227014926,212.8563094296034,,,,,,,,,,,,,,,,,,,,,,,,,,,,,,,,,,
95.05964372274028,120.62200957421352,218.62561343391928,353.352356593002,,,,,,,,,,,,,,,,,,,,,,,,,,,,,,,,,,
183.41701410778876,172.23554992801562,171.91625537178976,53.04179905855171,,,,,,,,,,,,,,,,,,,,,,,,,,,,,,,,,,
104.13093249040253,116.05180132138663,136.2525059995223,326.2958624927597,,,,,,,,,,,,,,,,,,,,,,,,,,,,,,,,,,
168.22366554585105,234.72173669894505,141.74244667066006,223.41856494402356,,,,,,,,,,,,,,,,,,,,,,,,,,,,,,,,,,
235.86328274693017,112.82348426026354,165.53280495182463,69.09758831660987,,,,,,,,,,,,,,,,,,,,,,,,,,,,,,,,,,
114.67225440494627,266.107531676996,73.28381643722796,42.38507447312481,,,,,,,,,,,,,,,,,,,,,,,,,,,,,,,,,,
