GW1,GW2,GW3,GW4,GW5,GW6,GW7,GW8,GW9,GW10,GW11,GW12,GW13,GW14,GW15,GW16,GW17,GW18,GW19,GW20,GW21,GW22,GW23,GW24,GW25,GW26,GW27,GW28,GW29,GW30,GW31,GW32,GW33,GW34,GW35,GW36,GW37,GW38
121.01046722382307,69.38942521810532,21.13354690372944,,,,,,,,,,,,,,,,,,,,,,,,,,,,,,,,,,,
59.26352525129914,141.48952141404152,336.895751953125,,,,,,,,,,,,,,,,,,,,,,,,,,,,,,,,,,,
48.889499343931675,169.60697695612907,184.70138646662235,,,,,,,,,,,,,,,,,,,,,,,,,,,,,,,,,,,
45.56953366845846,89.60382342338562,305.50236627459526,,,,,,,,,,,,,,,,,,,,,,,,,,,,,,,,,,,
142.72304121404886,18.395203724503517,76.99308004230261,,,,,,,,,,,,,,,,,,,,,,,,,,,,,,,,,,,
55.10674491524696,158.70767021551728,264.60416056215763,,,,,,,,,,,,,,,,,,,,,,,,,,,,,,,,,,,
149.79159124195576,223.7371458671987,80.38279041647911,,,,,,,,,,,,,,,,,,,,,,,,,,,,,,,,,,,
192.31455139815807,266.69643744826317,92.35402122139931,,,,,,,,,,,,,,,,,,,,,,,,,,,,,,,,,,,
234.11056995391846,97.53750246018171,159.35217831283808,,,,,,,,,,,,,,,,,,,,,,,,,,,,,,,,,,,
93.15729327499866,307.29103311896324,124.15457274764776,,,,,,,,,,,,,,,,,,,,,,,,,,,,,,,,,,,
110.24962598457932,140.90596651658416,69.24922373145819,,,,,,,,,,,,,,,,,,,,,,,,,,,,,,,,,,,
126.82155668735503,167.32547245919704,,,,,,,,,,,,,,,,,,,,,,,,,,,,,,,,,,,,
24.618754908442497,12.39459291100502,221.27037346363068,,,,,,,,,,,,,,,,,,,,,,,,,,,,,,,,,,,
176.13969203084707,138.78520596772432,,,,,,,,,,,,,,,,,,,,,,,,,,,,,,,,,,,,
23.776728473603725,160.8352460898459,368.2589441537857,,,,,,,,,,,,,,,,,,,,,,,,,,,,,,,,,,,
185.90992242097855,209.48390755802393,144.0906599164009,,,,,,,,,,,,,,,,,,,,,,,,,,,,,,,,,,,
161.72025054693222,202.94547043740747,24.29477460682392,,,,,,,,,,,,,,,,,,,,,,,,,,,,,,,,,,,
38.65459207445383,183.94529968500137,68.75064028427005,,,,,,,,,,,,,,,,,,,,,,,,,,,,,,,,,,,
258.73950412496924,207.15433154255152,182.6449867337942,,,,,,,,,,,,,,,,,,,,,,,,,,,,,,,,,,,
88.9169848524034,109.32195717468859,148.40282518416643,,,,,,,,,,,,,,,,,,,,,,,,,,,,,,,,,,,
