GW1,GW2,GW3,GW4,GW5,GW6,GW7,GW8,GW9,GW10,GW11,GW12,GW13,GW14,GW15,GW16,GW17,GW18,GW19,GW20,GW21,GW22,GW23,GW24,GW25,GW26,GW27,GW28,GW29,GW30,GW31,GW32,GW33,GW34,GW35,GW36,GW37,GW38
218.18441813336779,290.9681062989384,214.11342187646838,,,,,,,,,,,,,,,,,,,,,,,,,,,,,,,,,,,
248.69125734335512,76.97517077604208,130.9354228268021,,,,,,,,,,,,,,,,,,,,,,,,,,,,,,,,,,,
249.5874256844892,100.48511507325644,69.17216995533002,,,,,,,,,,,,,,,,,,,,,,,,,,,,,,,,,,,
193.85219479338198,74.26975875215344,115.37017897452414,,,,,,,,,,,,,,,,,,,,,,,,,,,,,,,,,,,
173.8690471670349,174.95807069895878,217.72025396692644,,,,,,,,,,,,,,,,,,,,,,,,,,,,,,,,,,,
53.31590215951506,153.6014805671277,138.13417127697292,,,,,,,,,,,,,,,,,,,,,,,,,,,,,,,,,,,
94.85680858224995,82.54297542417177,86.69093097944402,,,,,,,,,,,,,,,,,,,,,,,,,,,,,,,,,,,
48.64410636189411,134.8227814278556,72.21587587417976,,,,,,,,,,,,,,,,,,,,,,,,,,,,,,,,,,,
122.18735939010578,136.04056650481394,215.99850972427635,,,,,,,,,,,,,,,,,,,,,,,,,,,,,,,,,,,
145.6878852135825,138.34896568697954,169.50720252991124,,,,,,,,,,,,,,,,,,,,,,,,,,,,,,,,,,,
211.918135686875,68.30341906104843,45.837901503153304,,,,,,,,,,,,,,,,,,,,,,,,,,,,,,,,,,,
123.6160487206197,3.746170973190285,28.473910132724743,,,,,,,,,,,,,,,,,,,,,,,,,,,,,,,,,,,
79.11978098955959,49.224350246045624,170.3355958607142,,,,,,,,,,,,,,,,,,,,,,,,,,,,,,,,,,,
208.93131890008368,184.92108461496645,333.7943597764019,,,,,,,,,,,,,,,,,,,,,,,,,,,,,,,,,,,
118.57057440840988,116.7559583698296,211.54008339791406,,,,,,,,,,,,,,,,,,,,,,,,,,,,,,,,,,,
177.94367172283796,200.61574068478376,149.53318192700175,,,,,,,,,,,,,,,,,,,,,,,,,,,,,,,,,,,
100.7934361380436,139.13986113352166,108.70180028883306,,,,,,,,,,,,,,,,,,,,,,,,,,,,,,,,,,,
177.56956181404516,185.577893343127,107.05726334604635,,,,,,,,,,,,,,,,,,,,,,,,,,,,,,,,,,,
205.1544636812978,109.16694020791496,277.8617991515701,,,,,,,,,,,,,,,,,,,,,,,,,,,,,,,,,,,
110.95579277851263,200.9895043176756,85.35919048597543,,,,,,,,,,,,,,,,,,,,,,,,,,,,,,,,,,,
