GW1,GW2,GW3,GW4,GW5,GW6,GW7,GW8,GW9,GW10,GW11,GW12,GW13,GW14,GW15,GW16,GW17,GW18,GW19,GW20,GW21,GW22,GW23,GW24,GW25,GW26,GW27,GW28,GW29,GW30,GW31,GW32,GW33,GW34,GW35,GW36,GW37,GW38
85.72433032095432,63.009916618466384,11.680477857589722,,,,,,,,,,,,,,,,,,,,,,,,,,,,,,,,,,,
26.484220661222935,36.41484156250954,31.510552763938904,,,,,,,,,,,,,,,,,,,,,,,,,,,,,,,,,,,
94.81177143752575,61.37045435607433,113.31223286688328,,,,,,,,,,,,,,,,,,,,,,,,,,,,,,,,,,,
156.06244839727879,66.02726001292467,45.61845357529819,,,,,,,,,,,,,,,,,,,,,,,,,,,,,,,,,,,
97.15529531240463,67.09559746086597,154.67164125293493,,,,,,,,,,,,,,,,,,,,,,,,,,,,,,,,,,,
32.313159853219986,344.7998270392418,57.36385192722082,,,,,,,,,,,,,,,,,,,,,,,,,,,,,,,,,,,
32.17005580663681,59.136394783854485,142.54615707322955,,,,,,,,,,,,,,,,,,,,,,,,,,,,,,,,,,,
224.83252473175526,107.81016312539577,77.38849576562643,,,,,,,,,,,,,,,,,,,,,,,,,,,,,,,,,,,
61.401281505823135,16.797706112265587,56.01453054696322,,,,,,,,,,,,,,,,,,,,,,,,,,,,,,,,,,,
50.670282542705536,84.02754096314311,61.65722366422415,,,,,,,,,,,,,,,,,,,,,,,,,,,,,,,,,,,
156.7908152937889,246.9232928007841,84.102488681674,,,,,,,,,,,,,,,,,,,,,,,,,,,,,,,,,,,
135.96139186993244,214.2965503036976,381.0479335486889,,,,,,,,,,,,,,,,,,,,,,,,,,,,,,,,,,,
159.48645025491714,144.2322663962841,86.31365094333887,,,,,,,,,,,,,,,,,,,,,,,,,,,,,,,,,,,
137.79588909819722,63.16303424537182,74.91208873689175,,,,,,,,,,,,,,,,,,,,,,,,,,,,,,,,,,,
126.05779692530632,0.0,50.860305316746235,,,,,,,,,,,,,,,,,,,,,,,,,,,,,,,,,,,
50.89479088783264,47.8137893602252,216.36124569922686,,,,,,,,,,,,,,,,,,,,,,,,,,,,,,,,,,,
40.17970412969589,80.67034669220448,63.50453421473503,,,,,,,,,,,,,,,,,,,,,,,,,,,,,,,,,,,
121.61869294941425,40.722415409982204,54.520414024591446,,,,,,,,,,,,,,,,,,,,,,,,,,,,,,,,,,,
195.12302745133638,217.26536750793457,111.39827240258455,,,,,,,,,,,,,,,,,,,,,,,,,,,,,,,,,,,
108.92475210130215,146.8730602413416,65.038076415658,,,,,,,,,,,,,,,,,,,,,,,,,,,,,,,,,,,
