GW1,GW2,GW3,GW4,GW5,GW6,GW7,GW8,GW9,GW10,GW11,GW12,GW13,GW14,GW15,GW16,GW17,GW18,GW19,GW20,GW21,GW22,GW23,GW24,GW25,GW26,GW27,GW28,GW29,GW30,GW31,GW32,GW33,GW34,GW35,GW36,GW37,GW38
211.83852817144077,87.19770883015784,33.98463811731245,138.3645070681405,,,,,,,,,,,,,,,,,,,,,,,,,,,,,,,,,,
22.822713172018496,18.51614691194006,77.86761464789979,118.86260651820976,,,,,,,,,,,,,,,,,,,,,,,,,,,,,,,,,,
52.272035536664994,104.21679725011646,151.88747584059465,91.66188211765717,,,,,,,,,,,,,,,,,,,,,,,,,,,,,,,,,,
118.29365177434163,56.89883180197315,65.37522904717903,71.14508149588528,,,,,,,,,,,,,,,,,,,,,,,,,,,,,,,,,,
122.02803297526383,117.51153783549869,93.21188449810928,256.56444807403216,,,,,,,,,,,,,,,,,,,,,,,,,,,,,,,,,,
54.87288735707908,190.09653061811346,100.46731397044708,103.50121046586854,,,,,,,,,,,,,,,,,,,,,,,,,,,,,,,,,,
44.519264741495235,146.13548785361385,176.60052924324862,124.79011730561271,,,,,,,,,,,,,,,,,,,,,,,,,,,,,,,,,,
198.67272817295225,64.97111165021678,97.20073293820957,88.23163452513445,,,,,,,,,,,,,,,,,,,,,,,,,,,,,,,,,,
101.06182120325354,20.810689326227838,39.74411863721445,216.0852874696477,,,,,,,,,,,,,,,,,,,,,,,,,,,,,,,,,,
81.48379055143447,120.41880656189673,46.73551017821661,91.72677530626298,,,,,,,,,,,,,,,,,,,,,,,,,,,,,,,,,,
111.248147639787,187.16519132900564,116.38714528638187,250.88761240361998,,,,,,,,,,,,,,,,,,,,,,,,,,,,,,,,,,
105.49964716645528,152.05032400789608,210.08099333693474,126.93941193896765,,,,,,,,,,,,,,,,,,,,,,,,,,,,,,,,,,
96.11349863330362,127.45050072139568,142.06567917004276,91.30051668743607,,,,,,,,,,,,,,,,,,,,,,,,,,,,,,,,,,
170.71541907498923,84.66582640934277,66.19588985289948,71.43932020835376,,,,,,,,,,,,,,,,,,,,,,,,,,,,,,,,,,
220.77820503033277,0.0,37.86257272207575,23.550217284698647,,,,,,,,,,,,,,,,,,,,,,,,,,,,,,,,,,
72.93668133901862,76.89021260963679,110.01494004965697,76.45383363161389,,,,,,,,,,,,,,,,,,,,,,,,,,,,,,,,,,
116.9038391371233,132.77723125434872,54.72487893999473,13.171697484823992,,,,,,,,,,,,,,,,,,,,,,,,,,,,,,,,,,
163.02173048535522,51.14776538430459,42.305277725208946,24.226733220944418,,,,,,,,,,,,,,,,,,,,,,,,,,,,,,,,,,
99.21577266756812,161.7415728440215,189.17199311633095,35.62654737155671,,,,,,,,,,,,,,,,,,,,,,,,,,,,,,,,,,
81.08821451199003,113.96658875441952,104.58889768485386,163.9291283406855,,,,,,,,,,,,,,,,,,,,,,,,,,,,,,,,,,
