GW1,GW2,GW3,GW4,GW5,GW6,GW7,GW8,GW9,GW10,GW11,GW12,GW13,GW14,GW15,GW16,GW17,GW18,GW19,GW20,GW21,GW22,GW23,GW24,GW25,GW26,GW27,GW28,GW29,GW30,GW31,GW32,GW33,GW34,GW35,GW36,GW37,GW38
178.49163807323453,89.57611473405186,41.83479484469261,,,,,,,,,,,,,,,,,,,,,,,,,,,,,,,,,,,
29.608436947835564,18.110696358672808,65.6099634534413,,,,,,,,,,,,,,,,,,,,,,,,,,,,,,,,,,,
40.904316609825315,78.88467653546472,156.353600720771,,,,,,,,,,,,,,,,,,,,,,,,,,,,,,,,,,,
114.30556931341253,73.81617869516543,87.49199415236112,,,,,,,,,,,,,,,,,,,,,,,,,,,,,,,,,,,
107.10824330895657,108.11674909267693,128.07297604381625,,,,,,,,,,,,,,,,,,,,,,,,,,,,,,,,,,,
41.53485890898781,148.7558040355734,92.43517340198314,,,,,,,,,,,,,,,,,,,,,,,,,,,,,,,,,,,
45.733572818149334,123.13134363600312,153.1667745108731,,,,,,,,,,,,,,,,,,,,,,,,,,,,,,,,,,,
165.1277110766095,89.27020058356518,85.31645966517434,,,,,,,,,,,,,,,,,,,,,,,,,,,,,,,,,,,
78.89618329921369,18.049244660279125,43.93185724495845,,,,,,,,,,,,,,,,,,,,,,,,,,,,,,,,,,,
72.763426668481,161.15708767833974,45.15989673109885,,,,,,,,,,,,,,,,,,,,,,,,,,,,,,,,,,,
122.97008736032004,180.8552143721733,119.56172266003372,,,,,,,,,,,,,,,,,,,,,,,,,,,,,,,,,,,
139.26129148155204,168.07148723911774,164.394200014137,,,,,,,,,,,,,,,,,,,,,,,,,,,,,,,,,,,
132.05978909481385,105.93104374834388,110.90676707462835,,,,,,,,,,,,,,,,,,,,,,,,,,,,,,,,,,,
148.06258062212294,87.1553546060211,55.01900474519579,,,,,,,,,,,,,,,,,,,,,,,,,,,,,,,,,,,
203.12747359166391,0.0,43.42920750238429,,,,,,,,,,,,,,,,,,,,,,,,,,,,,,,,,,,
97.61152335850062,68.66145166888934,107.60592814653619,,,,,,,,,,,,,,,,,,,,,,,,,,,,,,,,,,,
143.90761231519798,103.65553133993922,70.99585905322333,,,,,,,,,,,,,,,,,,,,,,,,,,,,,,,,,,,
167.81524886138092,44.89417034692376,55.843671241884444,,,,,,,,,,,,,,,,,,,,,,,,,,,,,,,,,,,
97.04323158155185,185.5211578031383,143.18969571418347,,,,,,,,,,,,,,,,,,,,,,,,,,,,,,,,,,,
93.00997372494444,150.4377954046256,93.39583413495426,,,,,,,,,,,,,,,,,,,,,,,,,,,,,,,,,,,
