GW1,GW2,GW3,GW4,GW5,GW6,GW7,GW8,GW9,GW10,GW11,GW12,GW13,GW14,GW15,GW16,GW17,GW18,GW19,GW20,GW21,GW22,GW23,GW24,GW25,GW26,GW27,GW28,GW29,GW30,GW31,GW32,GW33,GW34,GW35,GW36,GW37,GW38
102.3849687539041,63.009916245937355,11.680477857589722,,,,,,,,,,,,,,,,,,,,,,,,,,,,,,,,,,,
113.71799586340784,118.42601243406534,44.29881144315004,,,,,,,,,,,,,,,,,,,,,,,,,,,,,,,,,,,
188.8179961591959,71.43314518034458,113.31223547458649,,,,,,,,,,,,,,,,,,,,,,,,,,,,,,,,,,,
168.92458945512772,180.3004615008831,70.16221336089075,,,,,,,,,,,,,,,,,,,,,,,,,,,,,,,,,,,
195.96088863909245,69.04641296714544,171.35107535868883,,,,,,,,,,,,,,,,,,,,,,,,,,,,,,,,,,,
118.7085697427392,364.1320876777172,57.36384987831116,,,,,,,,,,,,,,,,,,,,,,,,,,,,,,,,,,,
32.170055620372295,60.63128653913736,167.6578501239419,,,,,,,,,,,,,,,,,,,,,,,,,,,,,,,,,,,
238.8633508235216,185.71324963122606,154.86758965998888,,,,,,,,,,,,,,,,,,,,,,,,,,,,,,,,,,,
66.8081521987915,65.73105715215206,127.37146690487862,,,,,,,,,,,,,,,,,,,,,,,,,,,,,,,,,,,
56.83416035026312,96.84733049944043,156.39512231573462,,,,,,,,,,,,,,,,,,,,,,,,,,,,,,,,,,,
178.93776092678308,264.0335140749812,208.46166461706161,,,,,,,,,,,,,,,,,,,,,,,,,,,,,,,,,,,
210.70558037608862,244.07474249601364,447.5975276902318,,,,,,,,,,,,,,,,,,,,,,,,,,,,,,,,,,,
164.24780767410994,226.17320269346237,96.2335329502821,,,,,,,,,,,,,,,,,,,,,,,,,,,,,,,,,,,
168.34231559187174,63.163034617900855,122.70150817930698,,,,,,,,,,,,,,,,,,,,,,,,,,,,,,,,,,,
141.47306522354484,2.5008821859955788,144.19705588370564,,,,,,,,,,,,,,,,,,,,,,,,,,,,,,,,,,,
58.06007925421,58.75264015048742,398.4064757823944,,,,,,,,,,,,,,,,,,,,,,,,,,,,,,,,,,,
106.34099431335926,172.9016900062561,92.0962605625391,,,,,,,,,,,,,,,,,,,,,,,,,,,,,,,,,,,
136.35844364762306,40.72241550311446,59.60164610296488,,,,,,,,,,,,,,,,,,,,,,,,,,,,,,,,,,,
351.103937625885,228.61282275989652,145.68197522312403,,,,,,,,,,,,,,,,,,,,,,,,,,,,,,,,,,,
132.7140279114246,151.1270192451775,185.01032460480928,,,,,,,,,,,,,,,,,,,,,,,,,,,,,,,,,,,
