GW1,GW2,GW3,GW4,GW5,GW6,GW7,GW8,GW9,GW10,GW11,GW12,GW13,GW14,GW15,GW16,GW17,GW18,GW19,GW20,GW21,GW22,GW23,GW24,GW25,GW26,GW27,GW28,GW29,GW30,GW31,GW32,GW33,GW34,GW35,GW36,GW37,GW38
253.00962989738693,87.19770831462505,33.98463811731245,192.9385587913823,,,,,,,,,,,,,,,,,,,,,,,,,,,,,,,,,,
97.99620820586759,60.21702554054109,109.46944678046934,163.25236529953824,,,,,,,,,,,,,,,,,,,,,,,,,,,,,,,,,,
104.09995357695567,121.30484752491095,151.88747933604654,91.66188211765717,,,,,,,,,,,,,,,,,,,,,,,,,,,,,,,,,,
128.0430158974549,155.37348711348514,100.54858087975629,71.14508149588528,,,,,,,,,,,,,,,,,,,,,,,,,,,,,,,,,,
246.1288569379711,120.92820508121396,103.26363976989126,260.9093313548011,,,,,,,,,,,,,,,,,,,,,,,,,,,,,,,,,,
201.58604127241335,200.75487609333044,100.46731038197728,164.12107507119157,,,,,,,,,,,,,,,,,,,,,,,,,,,,,,,,,,
44.51926448372884,149.82960442505984,207.71142254268406,256.44060381692174,,,,,,,,,,,,,,,,,,,,,,,,,,,,,,,,,,
211.07103443000844,111.9189130868934,194.51525804189347,136.73037727282335,,,,,,,,,,,,,,,,,,,,,,,,,,,,,,,,,,
109.96111753455338,81.43425062539485,90.37416974188987,232.79100309484642,,,,,,,,,,,,,,,,,,,,,,,,,,,,,,,,,,
91.39603305437196,138.79068486085524,118.54581501455968,114.28167034281745,,,,,,,,,,,,,,,,,,,,,,,,,,,,,,,,,,
126.96212089091834,200.13455441396346,288.48442450090926,269.28830923118187,,,,,,,,,,,,,,,,,,,,,,,,,,,,,,,,,,
163.49762296451237,173.17891317461087,246.77140315814106,207.1202829728866,,,,,,,,,,,,,,,,,,,,,,,,,,,,,,,,,,
98.98290051083488,199.85741507966864,158.39304754342095,142.12715834778737,,,,,,,,,,,,,,,,,,,,,,,,,,,,,,,,,,
208.55940726824238,84.66582690869305,108.42489719849537,100.05813199774622,,,,,,,,,,,,,,,,,,,,,,,,,,,,,,,,,,
247.77657679279267,7.276378338397118,107.34641643821153,31.827529770374277,,,,,,,,,,,,,,,,,,,,,,,,,,,,,,,,,,
83.20516550338884,94.48117484506322,202.58094007059904,85.74868216248007,,,,,,,,,,,,,,,,,,,,,,,,,,,,,,,,,,
309.4017430482454,284.5829802346301,79.36373004593642,13.171697801130778,,,,,,,,,,,,,,,,,,,,,,,,,,,,,,,,,,
182.7793812828702,51.14776550127965,46.248074897748204,30.516617286196997,,,,,,,,,,,,,,,,,,,,,,,,,,,,,,,,,,
178.5286386398739,170.18910077395012,247.39117600034632,64.100415890629,,,,,,,,,,,,,,,,,,,,,,,,,,,,,,,,,,
98.79796241375317,117.26746091961913,297.51842270162,250.72033723351223,,,,,,,,,,,,,,,,,,,,,,,,,,,,,,,,,,
