GW1,GW2,GW3,GW4,GW5,GW6,GW7,GW8,GW9,GW10,GW11,GW12,GW13,GW14,GW15,GW16,GW17,GW18,GW19,GW20,GW21,GW22,GW23,GW24,GW25,GW26,GW27,GW28,GW29,GW30,GW31,GW32,GW33,GW34,GW35,GW36,GW37,GW38
213.1817270375829,89.5761142044574,41.83479484469261,,,,,,,,,,,,,,,,,,,,,,,,,,,,,,,,,,,
127.13276155736656,58.89844525288002,92.23714422243121,,,,,,,,,,,,,,,,,,,,,,,,,,,,,,,,,,,
81.46109896931681,91.81911085044189,156.35360431900375,,,,,,,,,,,,,,,,,,,,,,,,,,,,,,,,,,,
123.72624912015377,201.5696408175163,134.56466583101707,,,,,,,,,,,,,,,,,,,,,,,,,,,,,,,,,,,
216.03584726807384,111.26026131404942,141.8840712604069,,,,,,,,,,,,,,,,,,,,,,,,,,,,,,,,,,,
152.58624405502349,157.09625478288302,92.4351701004036,,,,,,,,,,,,,,,,,,,,,,,,,,,,,,,,,,,
45.7335725533521,126.24394512432751,180.1494523049071,,,,,,,,,,,,,,,,,,,,,,,,,,,,,,,,,,,
175.43261780579195,153.77640256718982,170.7327986666709,,,,,,,,,,,,,,,,,,,,,,,,,,,,,,,,,,,
85.84361909869489,70.62844916971628,99.89667049792746,,,,,,,,,,,,,,,,,,,,,,,,,,,,,,,,,,,
81.61486479625714,185.7442637712964,114.54923127075935,,,,,,,,,,,,,,,,,,,,,,,,,,,,,,,,,,,
140.33980276201956,193.38733599342848,296.3531296265321,,,,,,,,,,,,,,,,,,,,,,,,,,,,,,,,,,,
215.81958556010662,191.4263431243946,193.10546263214178,,,,,,,,,,,,,,,,,,,,,,,,,,,,,,,,,,,
136.00234255674496,166.112368805164,123.65309434879347,,,,,,,,,,,,,,,,,,,,,,,,,,,,,,,,,,,
180.8849149097182,87.15535512005437,90.11782977338565,,,,,,,,,,,,,,,,,,,,,,,,,,,,,,,,,,,
227.96738496988863,8.957158641749325,123.12871152081766,,,,,,,,,,,,,,,,,,,,,,,,,,,,,,,,,,,
111.35388678202821,84.36983590068962,198.14499804531417,,,,,,,,,,,,,,,,,,,,,,,,,,,,,,,,,,,
380.8708628978997,222.1661029368532,102.96041400945873,,,,,,,,,,,,,,,,,,,,,,,,,,,,,,,,,,,
188.15385694528354,44.89417044959683,61.0482291816025,,,,,,,,,,,,,,,,,,,,,,,,,,,,,,,,,,,
174.61937308614742,195.2106589906039,187.2574614788763,,,,,,,,,,,,,,,,,,,,,,,,,,,,,,,,,,,
113.32344587292005,154.79500164263249,265.6781156873949,,,,,,,,,,,,,,,,,,,,,,,,,,,,,,,,,,,
