GW1,GW2,GW3,GW4,GW5,GW6,GW7,GW8,GW9,GW10,GW11,GW12,GW13,GW14,GW15,GW16,GW17,GW18,GW19,GW20,GW21,GW22,GW23,GW24,GW25,GW26,GW27,GW28,GW29,GW30,GW31,GW32,GW33,GW34,GW35,GW36,GW37,GW38
143.58743654822337,282.2456375838927,241.96224944320716,,,,,,,,,,,,,,,,,,,,,,,,,,,,,,,,,,,
206.3654878048781,93.47173913043478,175.3545685279188,,,,,,,,,,,,,,,,,,,,,,,,,,,,,,,,,,,
344.81854304635766,106.72771317829458,161.8868263473054,,,,,,,,,,,,,,,,,,,,,,,,,,,,,,,,,,,
151.446625,142.86841463414638,145.26632124352332,,,,,,,,,,,,,,,,,,,,,,,,,,,,,,,,,,,
201.8124031007752,200.79260638297876,197.30049261083744,,,,,,,,,,,,,,,,,,,,,,,,,,,,,,,,,,,
110.60872093023256,132.6225165562914,162.44494680851068,,,,,,,,,,,,,,,,,,,,,,,,,,,,,,,,,,,
130.20260067114097,181.70799492385788,164.09479434447306,,,,,,,,,,,,,,,,,,,,,,,,,,,,,,,,,,,
120.74500000000002,229.3618226600985,125.16250000000001,,,,,,,,,,,,,,,,,,,,,,,,,,,,,,,,,,,
159.5958515283843,134.49338046272496,191.03750000000005,,,,,,,,,,,,,,,,,,,,,,,,,,,,,,,,,,,
185.4615163147793,165.15397236614854,200.26000000000002,,,,,,,,,,,,,,,,,,,,,,,,,,,,,,,,,,,
293.14375000000007,148.943375,88.20176174496646,,,,,,,,,,,,,,,,,,,,,,,,,,,,,,,,,,,
125.16250000000002,16.468750000000004,23.208940397350997,,,,,,,,,,,,,,,,,,,,,,,,,,,,,,,,,,,
73.98768472906404,77.55166666666668,128.98842794759827,,,,,,,,,,,,,,,,,,,,,,,,,,,,,,,,,,,
202.0618251928021,169.38158682634733,302.35333333333335,,,,,,,,,,,,,,,,,,,,,,,,,,,,,,,,,,,
137.41244680851068,141.05172605790648,187.03528301886794,,,,,,,,,,,,,,,,,,,,,,,,,,,,,,,,,,,
190.22970639032818,203.71938579654514,162.61521739130436,,,,,,,,,,,,,,,,,,,,,,,,,,,,,,,,,,,
117.63602449888643,212.06572052401748,151.41609756097563,,,,,,,,,,,,,,,,,,,,,,,,,,,,,,,,,,,
169.38158682634733,173.67509689922483,214.97375954198478,,,,,,,,,,,,,,,,,,,,,,,,,,,,,,,,,,,
244.56304347826088,122.80094339622643,283.3135658914729,,,,,,,,,,,,,,,,,,,,,,,,,,,,,,,,,,,
190.81377358490568,160.5137404580153,111.46909788867563,,,,,,,,,,,,,,,,,,,,,,,,,,,,,,,,,,,
