GW1,GW2,GW3,GW4,GW5,GW6,GW7,GW8,GW9,GW10,GW11,GW12,GW13,GW14,GW15,GW16,GW17,GW18,GW19,GW20,GW21,GW22,GW23,GW24,GW25,GW26,GW27,GW28,GW29,GW30,GW31,GW32,GW33,GW34,GW35,GW36,GW37,GW38
169.975,321.75549295774647,230.52859374999997,201.45185185185184,,,,,,,,,,,,,,,,,,,,,,,,,,,,,,,,,,
241.39306722689074,100.26808080808081,207.5800884955752,109.16704225352112,,,,,,,,,,,,,,,,,,,,,,,,,,,,,,,,,,
206.15043731778425,75.54444444444444,119.5915309446254,81.21672354948805,,,,,,,,,,,,,,,,,,,,,,,,,,,,,,,,,,
156.70076190476192,167.11827731092436,153.73243606998653,87.24380530973451,,,,,,,,,,,,,,,,,,,,,,,,,,,,,,,,,,
241.3296928327645,184.00739411342425,199.23809523809524,150.07213997308207,,,,,,,,,,,,,,,,,,,,,,,,,,,,,,,,,,
78.29151515151516,79.28862973760933,148.8653984206748,310.0521172638436,,,,,,,,,,,,,,,,,,,,,,,,,,,,,,,,,,
148.4288732394366,215.10110619469026,187.83802816901405,18.921150278293133,,,,,,,,,,,,,,,,,,,,,,,,,,,,,,,,,,
121.72882096069868,231.61428571428573,149.67081911262798,161.88095238095238,,,,,,,,,,,,,,,,,,,,,,,,,,,,,,,,,,
169.01032917139614,153.95352112676053,182.56574074074075,202.90765624999997,,,,,,,,,,,,,,,,,,,,,,,,,,,,,,,,,,
168.23166666666665,174.77913862718705,207.20761904761906,221.10172290021535,,,,,,,,,,,,,,,,,,,,,,,,,,,,,,,,,,
280.1439814814815,154.11066666666667,100.54859154929576,174.33333333333334,,,,,,,,,,,,,,,,,,,,,,,,,,,,,,,,,,
165.24471243042672,15.738425925925926,13.875510204081632,172.36901408450703,,,,,,,,,,,,,,,,,,,,,,,,,,,,,,,,,,
74.71428571428572,78.18355167394468,136.59738933030647,142.84767676767677,,,,,,,,,,,,,,,,,,,,,,,,,,,,,,,,,,
231.29859154929574,125.12817589576547,304.816885007278,225.76166666666666,,,,,,,,,,,,,,,,,,,,,,,,,,,,,,,,,,
125.92548456568557,134.38648437499998,189.60591549295773,380.5854227405248,,,,,,,,,,,,,,,,,,,,,,,,,,,,,,,,,,
201.31628532974426,184.79333333333332,174.4389898989899,106.80985915492957,,,,,,,,,,,,,,,,,,,,,,,,,,,,,,,,,,
112.077265625,224.57536889897844,177.11680672268906,325.52787878787876,,,,,,,,,,,,,,,,,,,,,,,,,,,,,,,,,,
125.12817589576547,207.68276450511945,283.817254174397,149.71691259931896,,,,,,,,,,,,,,,,,,,,,,,,,,,,,,,,,,
262.34525252525253,124.48873239436618,200.53616161616162,175.1707423580786,,,,,,,,,,,,,,,,,,,,,,,,,,,,,,,,,,
193.436338028169,211.9168831168831,101.11333333333333,94.2718487394958,,,,,,,,,,,,,,,,,,,,,,,,,,,,,,,,,,
