GW1,GW2,GW3,GW4,GW5,GW6,GW7,GW8,GW9,GW10,GW11,GW12,GW13,GW14,GW15,GW16,GW17,GW18,GW19,GW20,GW21,GW22,GW23,GW24,GW25,GW26,GW27,GW28,GW29,GW30,GW31,GW32,GW33,GW34,GW35,GW36,GW37,GW38
198.9218061674009,128.86772260273975,137.09927325581396,,,,,,,,,,,,,,,,,,,,,,,,,,,,,,,,,,,
265.4475290697674,195.8789383561644,221.02422907488986,,,,,,,,,,,,,,,,,,,,,,,,,,,,,,,,,,,
157.2071666666667,168.86988873435328,158.14372,,,,,,,,,,,,,,,,,,,,,,,,,,,,,,,,,,,
228.5254280821918,117.1462365591398,258.18695255474455,,,,,,,,,,,,,,,,,,,,,,,,,,,,,,,,,,,
217.33709677419358,43.28261443661972,221.34926470588238,,,,,,,,,,,,,,,,,,,,,,,,,,,,,,,,,,,
109.96712328767126,140.5160626029654,152.69891304347829,,,,,,,,,,,,,,,,,,,,,,,,,,,,,,,,,,,
137.27196,196.7549019607843,122.6438888888889,,,,,,,,,,,,,,,,,,,,,,,,,,,,,,,,,,,
174.47808493589744,221.87394444444448,213.0820030120482,,,,,,,,,,,,,,,,,,,,,,,,,,,,,,,,,,,
137.728431372549,93.04289906103287,217.2417525773196,,,,,,,,,,,,,,,,,,,,,,,,,,,,,,,,,,,
74.48288659793815,206.30932,138.35870473537605,,,,,,,,,,,,,,,,,,,,,,,,,,,,,,,,,,,
209.64096244131457,198.45389972144847,148.74859775641028,,,,,,,,,,,,,,,,,,,,,,,,,,,,,,,,,,,
136.41792883211681,81.77896475770925,,,,,,,,,,,,,,,,,,,,,,,,,,,,,,,,,,,,
94.68829656862745,99.1781976744186,172.24713908450704,,,,,,,,,,,,,,,,,,,,,,,,,,,,,,,,,,,
190.21442307692308,210.00036082474227,,,,,,,,,,,,,,,,,,,,,,,,,,,,,,,,,,,,
69.51611445783134,183.7820512820513,219.80997913769124,,,,,,,,,,,,,,,,,,,,,,,,,,,,,,,,,,,
286.19524647887323,185.6874387254902,195.8789383561644,,,,,,,,,,,,,,,,,,,,,,,,,,,,,,,,,,,
214.90691927512356,219.88643478260872,144.33184931506852,,,,,,,,,,,,,,,,,,,,,,,,,,,,,,,,,,,
164.91239554317548,178.49831730769233,199.0411384976526,,,,,,,,,,,,,,,,,,,,,,,,,,,,,,,,,,,
113.0451321279555,219.1268825301205,127.72852564102566,,,,,,,,,,,,,,,,,,,,,,,,,,,,,,,,,,,
129.13965217391305,107.1201186131387,146.30201812191103,,,,,,,,,,,,,,,,,,,,,,,,,,,,,,,,,,,
