GW1,GW2,GW3,GW4,GW5,GW6,GW7,GW8,GW9,GW10,GW11,GW12,GW13,GW14,GW15,GW16,GW17,GW18,GW19,GW20,GW21,GW22,GW23,GW24,GW25,GW26,GW27,GW28,GW29,GW30,GW31,GW32,GW33,GW34,GW35,GW36,GW37,GW38
448.9498412698413,113.66195290858725,56.889591836734695,220.79649899396378,,,,,,,,,,,,,,,,,,,,,,,,,,,,,,,,,,
94.95649789029535,83.44849094567405,168.20201814058956,137.95754847645426,,,,,,,,,,,,,,,,,,,,,,,,,,,,,,,,,,
59.04571711177053,170.45380281690143,159.65263157894736,140.0828448275862,,,,,,,,,,,,,,,,,,,,,,,,,,,,,,,,,,
118.40282728272827,148.31573839662445,181.50793960923625,129.81310657596376,,,,,,,,,,,,,,,,,,,,,,,,,,,,,,,,,,
197.8157327586207,147.77162361623618,82.99280842527583,161.70268206039077,,,,,,,,,,,,,,,,,,,,,,,,,,,,,,,,,,
171.65080985915495,167.92386745796242,121.3031918819188,157.31289473684214,,,,,,,,,,,,,,,,,,,,,,,,,,,,,,,,,,
66.2007894736842,141.83854875283447,140.67706390328152,116.67808806488993,,,,,,,,,,,,,,,,,,,,,,,,,,,,,,,,,,
155.10218749999999,133.04763289869612,226.09605603448273,121.02070407040704,,,,,,,,,,,,,,,,,,,,,,,,,,,,,,,,,,
191.00516629711754,59.30043177892919,52.05270623742455,249.75918367346935,,,,,,,,,,,,,,,,,,,,,,,,,,,,,,,,,,
165.11857142857144,218.7031793960924,100.60126512651264,132.21671586715865,,,,,,,,,,,,,,,,,,,,,,,,,,,,,,,,,,
147.5396680080483,239.19914191419136,264.8031578947368,231.92977933801401,,,,,,,,,,,,,,,,,,,,,,,,,,,,,,,,,,
148.90046349942062,147.4712676056338,238.33487636003954,203.67630669546435,,,,,,,,,,,,,,,,,,,,,,,,,,,,,,,,,,
140.48084252758275,169.87842329545452,195.98004434589802,183.039476861167,,,,,,,,,,,,,,,,,,,,,,,,,,,,,,,,,,
201.7388946459413,195.16157894736844,98.41166193181817,154.11066666666667,,,,,,,,,,,,,,,,,,,,,,,,,,,,,,,,,,
193.68369003690037,60.49722448979592,90.1638444924406,74.37877349159248,,,,,,,,,,,,,,,,,,,,,,,,,,,,,,,,,,
110.25731793960924,132.2567380952381,174.6262273641851,126.4684455958549,,,,,,,,,,,,,,,,,,,,,,,,,,,,,,,,,,
379.9114693877551,121.65838137472285,138.37064697609,47.16207746478874,,,,,,,,,,,,,,,,,,,,,,,,,,,,,,,,,,
180.5726315789474,205.14224137931035,88.23731170336038,88.34177383592018,,,,,,,,,,,,,,,,,,,,,,,,,,,,,,,,,,
120.65830985915491,186.0547084233261,223.24181338028168,124.19764204545454,,,,,,,,,,,,,,,,,,,,,,,,,,,,,,,,,,
127.68316414686824,253.9186210892236,219.0249285714286,161.32085794655416,,,,,,,,,,,,,,,,,,,,,,,,,,,,,,,,,,
