GW1,GW2,GW3,GW4,GW5,GW6,GW7,GW8,GW9,GW10,GW11,GW12,GW13,GW14,GW15,GW16,GW17,GW18,GW19,GW20,GW21,GW22,GW23,GW24,GW25,GW26,GW27,GW28,GW29,GW30,GW31,GW32,GW33,GW34,GW35,GW36,GW37,GW38
392.9630188679246,136.71596153846156,66.215,,,,,,,,,,,,,,,,,,,,,,,,,,,,,,,,,,,
96.15966150870409,83.10108843537417,147.2261859838275,,,,,,,,,,,,,,,,,,,,,,,,,,,,,,,,,,,
49.781506228765586,128.91963833634722,152.83,,,,,,,,,,,,,,,,,,,,,,,,,,,,,,,,,,,
106.37972483221478,150.19500000000002,171.79839041095894,,,,,,,,,,,,,,,,,,,,,,,,,,,,,,,,,,,
166.47229064039408,146.70788557213933,112.00203125,,,,,,,,,,,,,,,,,,,,,,,,,,,,,,,,,,,
129.82497287522605,141.57678935447342,120.42998756218907,,,,,,,,,,,,,,,,,,,,,,,,,,,,,,,,,,,
79.62826923076923,124.15040431266848,149.19868159203983,,,,,,,,,,,,,,,,,,,,,,,,,,,,,,,,,,,
143.83611806797853,179.55296875000005,190.27166256157633,,,,,,,,,,,,,,,,,,,,,,,,,,,,,,,,,,,
164.75936363636364,62.89259950248758,62.45813934426231,,,,,,,,,,,,,,,,,,,,,,,,,,,,,,,,,,,
161.60221518987345,207.00391552511422,90.38580536912752,,,,,,,,,,,,,,,,,,,,,,,,,,,,,,,,,,,
177.0331229508197,214.90989261744963,318.51307692307694,,,,,,,,,,,,,,,,,,,,,,,,,,,,,,,,,,,
151.15471246006393,176.95104918032789,200.94038505096265,,,,,,,,,,,,,,,,,,,,,,,,,,,,,,,,,,,
189.58437500000002,157.53906082289802,169.05064935064937,,,,,,,,,,,,,,,,,,,,,,,,,,,,,,,,,,,
213.95937810945279,186.82150000000004,91.26338998211091,,,,,,,,,,,,,,,,,,,,,,,,,,,,,,,,,,,
192.28945273631845,70.41400000000002,113.01437500000002,,,,,,,,,,,,,,,,,,,,,,,,,,,,,,,,,,,
104.35923515981737,129.44020569620255,173.89924489795922,,,,,,,,,,,,,,,,,,,,,,,,,,,,,,,,,,,
442.18700000000007,104.94144155844157,140.12389748549325,,,,,,,,,,,,,,,,,,,,,,,,,,,,,,,,,,,
172.85600000000005,172.63793103448276,89.57316293929715,,,,,,,,,,,,,,,,,,,,,,,,,,,,,,,,,,,
120.15599999999999,233.20718750000003,168.8448915009042,,,,,,,,,,,,,,,,,,,,,,,,,,,,,,,,,,,
160.04234375000001,257.76277156549526,214.36058544303802,,,,,,,,,,,,,,,,,,,,,,,,,,,,,,,,,,,
