GW1,GW2,GW3,GW4,GW5,GW6,GW7,GW8,GW9,GW10,GW11,GW12,GW13,GW14,GW15,GW16,GW17,GW18,GW19,GW20,GW21,GW22,GW23,GW24,GW25,GW26,GW27,GW28,GW29,GW30,GW31,GW32,GW33,GW34,GW35,GW36,GW37,GW38
147.66777108433737,301.2694509345795,170.41349137931036,,,,,,,,,,,,,,,,,,,,,,,,,,,,,,,,,,,
121.9710775862069,179.25184021543987,94.9909638554217,,,,,,,,,,,,,,,,,,,,,,,,,,,,,,,,,,,
87.97105009633911,55.74722222222223,78.0830298013245,,,,,,,,,,,,,,,,,,,,,,,,,,,,,,,,,,,
84.40233644859815,165.61004065040652,211.14679358717433,,,,,,,,,,,,,,,,,,,,,,,,,,,,,,,,,,,
168.87329268292686,178.8680926916221,156.3672085201794,,,,,,,,,,,,,,,,,,,,,,,,,,,,,,,,,,,
195.4655745062837,218.82701375245583,183.80024752475248,,,,,,,,,,,,,,,,,,,,,,,,,,,,,,,,,,,
299.0413907284768,110.99446935724963,193.34296724470136,,,,,,,,,,,,,,,,,,,,,,,,,,,,,,,,,,,
135.77336152219874,220.41098265895954,162.7216216216216,,,,,,,,,,,,,,,,,,,,,,,,,,,,,,,,,,,
223.4888639760837,132.80955882352941,249.5351851851852,,,,,,,,,,,,,,,,,,,,,,,,,,,,,,,,,,,
117.68858024691359,124.60057947019868,70.71291946308726,,,,,,,,,,,,,,,,,,,,,,,,,,,,,,,,,,,
167.99841628959277,212.13875838926177,185.6276427061311,,,,,,,,,,,,,,,,,,,,,,,,,,,,,,,,,,,
211.14679358717433,259.066265060241,,,,,,,,,,,,,,,,,,,,,,,,,,,,,,,,,,,,
182.24091928251121,209.34043103448278,281.71724598930484,,,,,,,,,,,,,,,,,,,,,,,,,,,,,,,,,,,
276.88150684931503,134.50123456790124,,,,,,,,,,,,,,,,,,,,,,,,,,,,,,,,,,,,
231.23598862019912,48.11061643835616,319.72671568627453,,,,,,,,,,,,,,,,,,,,,,,,,,,,,,,,,,,
41.139661319073085,163.11687219730942,127.0075852782765,,,,,,,,,,,,,,,,,,,,,,,,,,,,,,,,,,,
116.31345776031435,141.07910891089108,116.05321261682245,,,,,,,,,,,,,,,,,,,,,,,,,,,,,,,,,,,
218.87332214765104,180.3239957716702,200.91702488687784,,,,,,,,,,,,,,,,,,,,,,,,,,,,,,,,,,,
126.25106209150329,107.76738975817922,176.73287671232876,,,,,,,,,,,,,,,,,,,,,,,,,,,,,,,,,,,
176.84564356435644,79.4314128256513,166.58452848722987,,,,,,,,,,,,,,,,,,,,,,,,,,,,,,,,,,,
