GW1,GW2,GW3,GW4,GW5,GW6,GW7,GW8,GW9,GW10,GW11,GW12,GW13,GW14,GW15,GW16,GW17,GW18,GW19,GW20,GW21,GW22,GW23,GW24,GW25,GW26,GW27,GW28,GW29,GW30,GW31,GW32,GW33,GW34,GW35,GW36,GW37,GW38
320.6784580498866,75.33518005540165,38.85142857142857,262.6575452716298,,,,,,,,,,,,,,,,,,,,,,,,,,,,,,,,,,
108.05724331926862,77.29245472837022,166.5061224489796,263.67313019390576,,,,,,,,,,,,,,,,,,,,,,,,,,,,,,,,,,
75.99277942631058,171.1720070422535,189.93157894736842,84.9875,,,,,,,,,,,,,,,,,,,,,,,,,,,,,,,,,,
155.57667766776677,171.170323488045,155.78525754884546,107.92063492063492,,,,,,,,,,,,,,,,,,,,,,,,,,,,,,,,,,
177.30150862068965,149.2769372693727,109.11133400200602,150.95470692717583,,,,,,,,,,,,,,,,,,,,,,,,,,,,,,,,,,
185.53609154929578,225.96083086053412,131.7149446494465,156.9,,,,,,,,,,,,,,,,,,,,,,,,,,,,,,,,,,
53.676315789473676,84.79478458049887,171.44283246977548,186.7164542294322,,,,,,,,,,,,,,,,,,,,,,,,,,,,,,,,,,
212.46875,130.2516549648947,246.1706896551724,122.66622662266226,,,,,,,,,,,,,,,,,,,,,,,,,,,,,,,,,,
152.26141906873616,76.32728842832469,67.71639839034205,249.75918367346938,,,,,,,,,,,,,,,,,,,,,,,,,,,,,,,,,,
97.12857142857143,224.62060390763764,119.67436743674367,175.61992619926198,,,,,,,,,,,,,,,,,,,,,,,,,,,,,,,,,,
176.47303822937624,281.9827282728273,287.2153739612188,308.9214643931796,,,,,,,,,,,,,,,,,,,,,,,,,,,,,,,,,,
166.23279258400927,173.0530181086519,291.8660731948566,280.4771058315335,,,,,,,,,,,,,,,,,,,,,,,,,,,,,,,,,,
131.61554663991976,204.74261363636364,174.87450110864745,177.15704225352113,,,,,,,,,,,,,,,,,,,,,,,,,,,,,,,,,,
224.28480138169257,100.47105263157894,122.65241477272727,168.35619047619048,,,,,,,,,,,,,,,,,,,,,,,,,,,,,,,,,,
223.2881918819188,27.751020408163264,85.17105831533478,86.08031651829872,,,,,,,,,,,,,,,,,,,,,,,,,,,,,,,,,,
148.53943161634103,127.88595238095239,210.6732394366197,207.84507772020726,,,,,,,,,,,,,,,,,,,,,,,,,,,,,,,,,,
363.53836734693874,253.26651884700667,215.15822784810123,17.955105633802816,,,,,,,,,,,,,,,,,,,,,,,,,,,,,,,,,,
232.59736842105264,171.44030172413792,97.69130938586326,99.49756097560976,,,,,,,,,,,,,,,,,,,,,,,,,,,,,,,,,,
214.7772635814889,153.45475161987042,305.2367957746479,140.0362215909091,,,,,,,,,,,,,,,,,,,,,,,,,,,,,,,,,,
160.79708423326133,229.25944380069524,286.5292857142857,185.51420534458506,,,,,,,,,,,,,,,,,,,,,,,,,,,,,,,,,,
