GW1,GW2,GW3,GW4,GW5,GW6,GW7,GW8,GW9,GW10,GW11,GW12,GW13,GW14,GW15,GW16,GW17,GW18,GW19,GW20,GW21,GW22,GW23,GW24,GW25,GW26,GW27,GW28,GW29,GW30,GW31,GW32,GW33,GW34,GW35,GW36,GW37,GW38
280.6878706199461,90.61538461538463,45.220000000000006,,,,,,,,,,,,,,,,,,,,,,,,,,,,,,,,,,,
109.42640232108319,76.97068027210885,145.74177897574125,,,,,,,,,,,,,,,,,,,,,,,,,,,,,,,,,,,
64.06959229898077,129.46283905967454,181.81500000000003,,,,,,,,,,,,,,,,,,,,,,,,,,,,,,,,,,,
139.77879194630873,173.33916827853002,147.45171232876714,,,,,,,,,,,,,,,,,,,,,,,,,,,,,,,,,,,
149.2084975369458,148.20236318407964,147.25000000000003,,,,,,,,,,,,,,,,,,,,,,,,,,,,,,,,,,,
140.32685352622065,190.50781426953571,130.76679104477614,,,,,,,,,,,,,,,,,,,,,,,,,,,,,,,,,,,
64.56346153846155,74.22035040431268,181.82810945273636,,,,,,,,,,,,,,,,,,,,,,,,,,,,,,,,,,,
197.03577817531308,175.77968750000002,207.16551724137932,,,,,,,,,,,,,,,,,,,,,,,,,,,,,,,,,,,
131.33935064935065,80.95087064676619,81.25303278688524,,,,,,,,,,,,,,,,,,,,,,,,,,,,,,,,,,,
95.0601265822785,212.60479452054798,107.52214765100672,,,,,,,,,,,,,,,,,,,,,,,,,,,,,,,,,,,
211.75032786885245,253.34906040268456,345.47115384615387,,,,,,,,,,,,,,,,,,,,,,,,,,,,,,,,,,,
168.74944089456872,207.6466393442623,246.07259343148363,,,,,,,,,,,,,,,,,,,,,,,,,,,,,,,,,,,
177.62031250000004,189.87084078711987,150.8451948051948,,,,,,,,,,,,,,,,,,,,,,,,,,,,,,,,,,,
237.87101990049757,96.17750000000001,113.74338103756709,,,,,,,,,,,,,,,,,,,,,,,,,,,,,,,,,,,
221.68084577114433,32.300000000000004,106.75625000000002,,,,,,,,,,,,,,,,,,,,,,,,,,,,,,,,,,,
140.59349315068496,125.16250000000002,209.7961904761905,,,,,,,,,,,,,,,,,,,,,,,,,,,,,,,,,,,
423.13000000000005,218.46545454545455,217.8844294003869,,,,,,,,,,,,,,,,,,,,,,,,,,,,,,,,,,,
222.65750000000003,144.2759852216749,99.17028753993613,,,,,,,,,,,,,,,,,,,,,,,,,,,,,,,,,,,
213.8831292517007,192.34531250000003,230.8603074141049,,,,,,,,,,,,,,,,,,,,,,,,,,,,,,,,,,,
201.54843750000003,232.73027156549526,280.4273734177216,,,,,,,,,,,,,,,,,,,,,,,,,,,,,,,,,,,
